--
-- PostgreSQL database dump
--

-- Dumped from database version 14.11 (Homebrew)
-- Dumped by pg_dump version 14.11 (Homebrew)

SET statement_timeout = 0;
SET lock_timeout = 0;
SET idle_in_transaction_session_timeout = 0;
SET client_encoding = 'UTF8';
SET standard_conforming_strings = on;
SELECT pg_catalog.set_config('search_path', '', false);
SET check_function_bodies = false;
SET xmloption = content;
SET client_min_messages = warning;
SET row_security = off;

SET default_tablespace = '';

SET default_table_access_method = heap;

--
-- Name: auth_group; Type: TABLE; Schema: public; Owner: ian
--

CREATE TABLE public.auth_group (
    id integer NOT NULL,
    name character varying(150) NOT NULL
);


ALTER TABLE public.auth_group OWNER TO ian;

--
-- Name: auth_group_id_seq; Type: SEQUENCE; Schema: public; Owner: ian
--

ALTER TABLE public.auth_group ALTER COLUMN id ADD GENERATED BY DEFAULT AS IDENTITY (
    SEQUENCE NAME public.auth_group_id_seq
    START WITH 1
    INCREMENT BY 1
    NO MINVALUE
    NO MAXVALUE
    CACHE 1
);


--
-- Name: auth_group_permissions; Type: TABLE; Schema: public; Owner: ian
--

CREATE TABLE public.auth_group_permissions (
    id bigint NOT NULL,
    group_id integer NOT NULL,
    permission_id integer NOT NULL
);


ALTER TABLE public.auth_group_permissions OWNER TO ian;

--
-- Name: auth_group_permissions_id_seq; Type: SEQUENCE; Schema: public; Owner: ian
--

ALTER TABLE public.auth_group_permissions ALTER COLUMN id ADD GENERATED BY DEFAULT AS IDENTITY (
    SEQUENCE NAME public.auth_group_permissions_id_seq
    START WITH 1
    INCREMENT BY 1
    NO MINVALUE
    NO MAXVALUE
    CACHE 1
);


--
-- Name: auth_permission; Type: TABLE; Schema: public; Owner: ian
--

CREATE TABLE public.auth_permission (
    id integer NOT NULL,
    name character varying(255) NOT NULL,
    content_type_id integer NOT NULL,
    codename character varying(100) NOT NULL
);


ALTER TABLE public.auth_permission OWNER TO ian;

--
-- Name: auth_permission_id_seq; Type: SEQUENCE; Schema: public; Owner: ian
--

ALTER TABLE public.auth_permission ALTER COLUMN id ADD GENERATED BY DEFAULT AS IDENTITY (
    SEQUENCE NAME public.auth_permission_id_seq
    START WITH 1
    INCREMENT BY 1
    NO MINVALUE
    NO MAXVALUE
    CACHE 1
);


--
-- Name: auth_user; Type: TABLE; Schema: public; Owner: ian
--

CREATE TABLE public.auth_user (
    id integer NOT NULL,
    password character varying(128) NOT NULL,
    last_login timestamp with time zone,
    is_superuser boolean NOT NULL,
    username character varying(150) NOT NULL,
    first_name character varying(150) NOT NULL,
    last_name character varying(150) NOT NULL,
    email character varying(254) NOT NULL,
    is_staff boolean NOT NULL,
    is_active boolean NOT NULL,
    date_joined timestamp with time zone NOT NULL
);


ALTER TABLE public.auth_user OWNER TO ian;

--
-- Name: auth_user_groups; Type: TABLE; Schema: public; Owner: ian
--

CREATE TABLE public.auth_user_groups (
    id bigint NOT NULL,
    user_id integer NOT NULL,
    group_id integer NOT NULL
);


ALTER TABLE public.auth_user_groups OWNER TO ian;

--
-- Name: auth_user_groups_id_seq; Type: SEQUENCE; Schema: public; Owner: ian
--

ALTER TABLE public.auth_user_groups ALTER COLUMN id ADD GENERATED BY DEFAULT AS IDENTITY (
    SEQUENCE NAME public.auth_user_groups_id_seq
    START WITH 1
    INCREMENT BY 1
    NO MINVALUE
    NO MAXVALUE
    CACHE 1
);


--
-- Name: auth_user_id_seq; Type: SEQUENCE; Schema: public; Owner: ian
--

ALTER TABLE public.auth_user ALTER COLUMN id ADD GENERATED BY DEFAULT AS IDENTITY (
    SEQUENCE NAME public.auth_user_id_seq
    START WITH 1
    INCREMENT BY 1
    NO MINVALUE
    NO MAXVALUE
    CACHE 1
);


--
-- Name: auth_user_user_permissions; Type: TABLE; Schema: public; Owner: ian
--

CREATE TABLE public.auth_user_user_permissions (
    id bigint NOT NULL,
    user_id integer NOT NULL,
    permission_id integer NOT NULL
);


ALTER TABLE public.auth_user_user_permissions OWNER TO ian;

--
-- Name: auth_user_user_permissions_id_seq; Type: SEQUENCE; Schema: public; Owner: ian
--

ALTER TABLE public.auth_user_user_permissions ALTER COLUMN id ADD GENERATED BY DEFAULT AS IDENTITY (
    SEQUENCE NAME public.auth_user_user_permissions_id_seq
    START WITH 1
    INCREMENT BY 1
    NO MINVALUE
    NO MAXVALUE
    CACHE 1
);


--
-- Name: django_admin_log; Type: TABLE; Schema: public; Owner: ian
--

CREATE TABLE public.django_admin_log (
    id integer NOT NULL,
    action_time timestamp with time zone NOT NULL,
    object_id text,
    object_repr character varying(200) NOT NULL,
    action_flag smallint NOT NULL,
    change_message text NOT NULL,
    content_type_id integer,
    user_id integer NOT NULL,
    CONSTRAINT django_admin_log_action_flag_check CHECK ((action_flag >= 0))
);


ALTER TABLE public.django_admin_log OWNER TO ian;

--
-- Name: django_admin_log_id_seq; Type: SEQUENCE; Schema: public; Owner: ian
--

ALTER TABLE public.django_admin_log ALTER COLUMN id ADD GENERATED BY DEFAULT AS IDENTITY (
    SEQUENCE NAME public.django_admin_log_id_seq
    START WITH 1
    INCREMENT BY 1
    NO MINVALUE
    NO MAXVALUE
    CACHE 1
);


--
-- Name: django_content_type; Type: TABLE; Schema: public; Owner: ian
--

CREATE TABLE public.django_content_type (
    id integer NOT NULL,
    app_label character varying(100) NOT NULL,
    model character varying(100) NOT NULL
);


ALTER TABLE public.django_content_type OWNER TO ian;

--
-- Name: django_content_type_id_seq; Type: SEQUENCE; Schema: public; Owner: ian
--

ALTER TABLE public.django_content_type ALTER COLUMN id ADD GENERATED BY DEFAULT AS IDENTITY (
    SEQUENCE NAME public.django_content_type_id_seq
    START WITH 1
    INCREMENT BY 1
    NO MINVALUE
    NO MAXVALUE
    CACHE 1
);


--
-- Name: django_migrations; Type: TABLE; Schema: public; Owner: ian
--

CREATE TABLE public.django_migrations (
    id bigint NOT NULL,
    app character varying(255) NOT NULL,
    name character varying(255) NOT NULL,
    applied timestamp with time zone NOT NULL
);


ALTER TABLE public.django_migrations OWNER TO ian;

--
-- Name: django_migrations_id_seq; Type: SEQUENCE; Schema: public; Owner: ian
--

ALTER TABLE public.django_migrations ALTER COLUMN id ADD GENERATED BY DEFAULT AS IDENTITY (
    SEQUENCE NAME public.django_migrations_id_seq
    START WITH 1
    INCREMENT BY 1
    NO MINVALUE
    NO MAXVALUE
    CACHE 1
);


--
-- Name: django_session; Type: TABLE; Schema: public; Owner: ian
--

CREATE TABLE public.django_session (
    session_key character varying(40) NOT NULL,
    session_data text NOT NULL,
    expire_date timestamp with time zone NOT NULL
);


ALTER TABLE public.django_session OWNER TO ian;

--
-- Name: main_app_assignment; Type: TABLE; Schema: public; Owner: ian
--

CREATE TABLE public.main_app_assignment (
    id bigint NOT NULL,
    name character varying(255) NOT NULL,
    due_date date NOT NULL,
    course_id bigint NOT NULL
);


ALTER TABLE public.main_app_assignment OWNER TO ian;

--
-- Name: main_app_assignment_id_seq; Type: SEQUENCE; Schema: public; Owner: ian
--

ALTER TABLE public.main_app_assignment ALTER COLUMN id ADD GENERATED BY DEFAULT AS IDENTITY (
    SEQUENCE NAME public.main_app_assignment_id_seq
    START WITH 1
    INCREMENT BY 1
    NO MINVALUE
    NO MAXVALUE
    CACHE 1
);


--
-- Name: main_app_attendance; Type: TABLE; Schema: public; Owner: ian
--

CREATE TABLE public.main_app_attendance (
    id bigint NOT NULL,
    date date NOT NULL,
    status character varying(50) NOT NULL,
    student_id bigint NOT NULL
);


ALTER TABLE public.main_app_attendance OWNER TO ian;

--
-- Name: main_app_attendance_id_seq; Type: SEQUENCE; Schema: public; Owner: ian
--

ALTER TABLE public.main_app_attendance ALTER COLUMN id ADD GENERATED BY DEFAULT AS IDENTITY (
    SEQUENCE NAME public.main_app_attendance_id_seq
    START WITH 1
    INCREMENT BY 1
    NO MINVALUE
    NO MAXVALUE
    CACHE 1
);


--
-- Name: main_app_course; Type: TABLE; Schema: public; Owner: ian
--

CREATE TABLE public.main_app_course (
    id bigint NOT NULL,
    name character varying(255) NOT NULL
);


ALTER TABLE public.main_app_course OWNER TO ian;

--
-- Name: main_app_course_id_seq; Type: SEQUENCE; Schema: public; Owner: ian
--

ALTER TABLE public.main_app_course ALTER COLUMN id ADD GENERATED BY DEFAULT AS IDENTITY (
    SEQUENCE NAME public.main_app_course_id_seq
    START WITH 1
    INCREMENT BY 1
    NO MINVALUE
    NO MAXVALUE
    CACHE 1
);


--
-- Name: main_app_coursestaff; Type: TABLE; Schema: public; Owner: ian
--

CREATE TABLE public.main_app_coursestaff (
    id bigint NOT NULL,
    course_id bigint NOT NULL,
    user_id integer NOT NULL
);


ALTER TABLE public.main_app_coursestaff OWNER TO ian;

--
-- Name: main_app_coursestaff_id_seq; Type: SEQUENCE; Schema: public; Owner: ian
--

ALTER TABLE public.main_app_coursestaff ALTER COLUMN id ADD GENERATED BY DEFAULT AS IDENTITY (
    SEQUENCE NAME public.main_app_coursestaff_id_seq
    START WITH 1
    INCREMENT BY 1
    NO MINVALUE
    NO MAXVALUE
    CACHE 1
);


--
-- Name: main_app_studentenrollment; Type: TABLE; Schema: public; Owner: ian
--

CREATE TABLE public.main_app_studentenrollment (
    id bigint NOT NULL,
    course_id bigint NOT NULL,
    user_id integer NOT NULL
);


ALTER TABLE public.main_app_studentenrollment OWNER TO ian;

--
-- Name: main_app_studentenrollment_id_seq; Type: SEQUENCE; Schema: public; Owner: ian
--

ALTER TABLE public.main_app_studentenrollment ALTER COLUMN id ADD GENERATED BY DEFAULT AS IDENTITY (
    SEQUENCE NAME public.main_app_studentenrollment_id_seq
    START WITH 1
    INCREMENT BY 1
    NO MINVALUE
    NO MAXVALUE
    CACHE 1
);


--
-- Name: main_app_submission; Type: TABLE; Schema: public; Owner: ian
--

CREATE TABLE public.main_app_submission (
    id bigint NOT NULL,
    is_complete boolean NOT NULL,
    assignment_id bigint NOT NULL,
    student_id bigint NOT NULL
);


ALTER TABLE public.main_app_submission OWNER TO ian;

--
-- Name: main_app_submission_id_seq; Type: SEQUENCE; Schema: public; Owner: ian
--

ALTER TABLE public.main_app_submission ALTER COLUMN id ADD GENERATED BY DEFAULT AS IDENTITY (
    SEQUENCE NAME public.main_app_submission_id_seq
    START WITH 1
    INCREMENT BY 1
    NO MINVALUE
    NO MAXVALUE
    CACHE 1
);


--
-- Data for Name: auth_group; Type: TABLE DATA; Schema: public; Owner: ian
--

COPY public.auth_group (id, name) FROM stdin;
1	Staff
\.


--
-- Data for Name: auth_group_permissions; Type: TABLE DATA; Schema: public; Owner: ian
--

COPY public.auth_group_permissions (id, group_id, permission_id) FROM stdin;
1	1	32
2	1	36
3	1	40
4	1	41
5	1	42
6	1	43
7	1	44
8	1	45
9	1	46
10	1	47
11	1	48
12	1	28
13	1	29
14	1	30
15	1	31
\.


--
-- Data for Name: auth_permission; Type: TABLE DATA; Schema: public; Owner: ian
--

COPY public.auth_permission (id, name, content_type_id, codename) FROM stdin;
1	Can add log entry	1	add_logentry
2	Can change log entry	1	change_logentry
3	Can delete log entry	1	delete_logentry
4	Can view log entry	1	view_logentry
5	Can add permission	2	add_permission
6	Can change permission	2	change_permission
7	Can delete permission	2	delete_permission
8	Can view permission	2	view_permission
9	Can add group	3	add_group
10	Can change group	3	change_group
11	Can delete group	3	delete_group
12	Can view group	3	view_group
13	Can add user	4	add_user
14	Can change user	4	change_user
15	Can delete user	4	delete_user
16	Can view user	4	view_user
17	Can add content type	5	add_contenttype
18	Can change content type	5	change_contenttype
19	Can delete content type	5	delete_contenttype
20	Can view content type	5	view_contenttype
21	Can add session	6	add_session
22	Can change session	6	change_session
23	Can delete session	6	delete_session
24	Can view session	6	view_session
25	Can add course	7	add_course
26	Can change course	7	change_course
27	Can delete course	7	delete_course
28	Can view course	7	view_course
29	Can add assignment	8	add_assignment
30	Can change assignment	8	change_assignment
31	Can delete assignment	8	delete_assignment
32	Can view assignment	8	view_assignment
33	Can add course staff	9	add_coursestaff
34	Can change course staff	9	change_coursestaff
35	Can delete course staff	9	delete_coursestaff
36	Can view course staff	9	view_coursestaff
37	Can add student enrollment	10	add_studentenrollment
38	Can change student enrollment	10	change_studentenrollment
39	Can delete student enrollment	10	delete_studentenrollment
40	Can view student enrollment	10	view_studentenrollment
41	Can add attendance	11	add_attendance
42	Can change attendance	11	change_attendance
43	Can delete attendance	11	delete_attendance
44	Can view attendance	11	view_attendance
45	Can add submission	12	add_submission
46	Can change submission	12	change_submission
47	Can delete submission	12	delete_submission
48	Can view submission	12	view_submission
\.


--
-- Data for Name: auth_user; Type: TABLE DATA; Schema: public; Owner: ian
--

COPY public.auth_user (id, password, last_login, is_superuser, username, first_name, last_name, email, is_staff, is_active, date_joined) FROM stdin;
1	pbkdf2_sha256$720000$TAgk9KoI5XImhGJcVT5wnb$+lnzlovCn+5VKfNTtnVgqySBa43S+zKQ6lDQibmFNRU=	2024-05-18 15:31:05.262593-04	t	cohortySU				t	t	2024-05-18 15:30:45.155813-04
2	pbkdf2_sha256$720000$4gRKBchCkPxyO9n4oR9xId$c1vI2jX7wLjfLIQKbbgeeUJWXDdgG8Ebh4iCxG3/aGY=	\N	f	emre	Emre	Surmeli		t	t	2024-05-18 15:34:02-04
3	pbkdf2_sha256$720000$gz8BisWqOeh8VJu2JLNk3j$KN/az/vqqY44odlWX0MNX1PoAh7OX9O2irtX99mer/k=	\N	f	ian	Ian	Gilmore	ian.gilmore@me.com	f	t	2024-05-19 19:45:02-04
4	pbkdf2_sha256$720000$rdxGC56ucL78sn1NwaiSDQ$9mpaVF9qZYsCEL1iTOpXteovN/BUk71D03EJuPOOtuo=	\N	f	otherCourseStudent	Other	Course Student		f	t	2024-05-20 15:34:41-04
\.


--
-- Data for Name: auth_user_groups; Type: TABLE DATA; Schema: public; Owner: ian
--

COPY public.auth_user_groups (id, user_id, group_id) FROM stdin;
1	2	1
\.


--
-- Data for Name: auth_user_user_permissions; Type: TABLE DATA; Schema: public; Owner: ian
--

COPY public.auth_user_user_permissions (id, user_id, permission_id) FROM stdin;
\.


--
-- Data for Name: django_admin_log; Type: TABLE DATA; Schema: public; Owner: ian
--

COPY public.django_admin_log (id, action_time, object_id, object_repr, action_flag, change_message, content_type_id, user_id) FROM stdin;
1	2024-05-18 15:34:02.659733-04	2	emre	1	[{"added": {}}]	4	1
2	2024-05-18 15:37:44.574457-04	1	Staff	1	[{"added": {}}]	3	1
3	2024-05-18 15:38:06.972483-04	2	emre	2	[{"changed": {"fields": ["First name", "Last name", "Staff status", "Groups"]}}]	4	1
4	2024-05-19 19:42:35.484063-04	1	SEB 0304	1	[{"added": {}}]	7	1
5	2024-05-19 19:43:57.048602-04	1	JavaScript Arrays Lab	1	[{"added": {}}]	8	1
6	2024-05-19 19:45:03.275888-04	3	ian	1	[{"added": {}}]	4	1
7	2024-05-19 19:45:10.209246-04	1	 	1	[{"added": {}}]	10	1
8	2024-05-19 19:46:56.8186-04	3	ian	2	[{"changed": {"fields": ["First name", "Last name", "Email address"]}}]	4	1
9	2024-05-19 19:47:13.811101-04	1	Ian Gilmore has submitted JavaScript Arrays Lab	1	[{"added": {}}]	12	1
10	2024-05-19 19:55:48.971857-04	3	ian is enrolled in a SEB 0304 was Late on 2024-05-17	1	[{"added": {}}]	11	1
11	2024-05-19 19:56:19.093915-04	1	emre is assigned as staff for SEB 0304	1	[{"added": {}}]	9	1
12	2024-05-20 13:44:56.923171-04	2	SEB 0101	1	[{"added": {}}]	7	1
13	2024-05-20 14:43:17.763815-04	2	# JavaScript Functions Lab  #	1	[{"added": {}}]	8	1
14	2024-05-20 14:43:25.162717-04	2	JavaScript Functions Lab	2	[{"changed": {"fields": ["Name"]}}]	8	1
15	2024-05-20 14:43:29.160011-04	1	JavaScript Arrays Lab	2	[]	8	1
16	2024-05-20 14:47:56.763184-04	3	Unit 4 - A Full-stack App with a Django API and React Front End	1	[{"added": {}}]	8	1
17	2024-05-20 14:48:32.817842-04	2	JavaScript Functions Lab from Ian Gilmore	1	[{"added": {}}]	12	1
18	2024-05-20 14:52:35.480325-04	4	Ian Gilmore was Absent on 2024-05-20	1	[{"added": {}}]	11	1
19	2024-05-20 14:54:19.282128-04	5	Ian Gilmore was Late on 2024-05-14	1	[{"added": {}}]	11	1
20	2024-05-20 14:54:29.437504-04	6	Ian Gilmore was Late on 2024-05-15	1	[{"added": {}}]	11	1
21	2024-05-20 15:34:42.400284-04	4	otherCourseStudent	1	[{"added": {}}]	4	1
22	2024-05-20 15:34:57.428861-04	4	otherCourseStudent	2	[{"changed": {"fields": ["First name", "Last name"]}}]	4	1
23	2024-05-20 15:35:11.713138-04	3	Other Course Student	1	[{"added": {}}]	10	1
\.


--
-- Data for Name: django_content_type; Type: TABLE DATA; Schema: public; Owner: ian
--

COPY public.django_content_type (id, app_label, model) FROM stdin;
1	admin	logentry
2	auth	permission
3	auth	group
4	auth	user
5	contenttypes	contenttype
6	sessions	session
7	main_app	course
8	main_app	assignment
9	main_app	coursestaff
10	main_app	studentenrollment
11	main_app	attendance
12	main_app	submission
\.


--
-- Data for Name: django_migrations; Type: TABLE DATA; Schema: public; Owner: ian
--

COPY public.django_migrations (id, app, name, applied) FROM stdin;
1	contenttypes	0001_initial	2024-05-17 16:17:12.746964-04
2	auth	0001_initial	2024-05-17 16:17:12.784848-04
3	admin	0001_initial	2024-05-17 16:17:12.798703-04
4	admin	0002_logentry_remove_auto_add	2024-05-17 16:17:12.804579-04
5	admin	0003_logentry_add_action_flag_choices	2024-05-17 16:17:12.811171-04
6	contenttypes	0002_remove_content_type_name	2024-05-17 16:17:12.822603-04
7	auth	0002_alter_permission_name_max_length	2024-05-17 16:17:12.828546-04
8	auth	0003_alter_user_email_max_length	2024-05-17 16:17:12.834636-04
9	auth	0004_alter_user_username_opts	2024-05-17 16:17:12.840701-04
10	auth	0005_alter_user_last_login_null	2024-05-17 16:17:12.847421-04
11	auth	0006_require_contenttypes_0002	2024-05-17 16:17:12.848352-04
12	auth	0007_alter_validators_add_error_messages	2024-05-17 16:17:12.854071-04
13	auth	0008_alter_user_username_max_length	2024-05-17 16:17:12.86165-04
14	auth	0009_alter_user_last_name_max_length	2024-05-17 16:17:12.869032-04
15	auth	0010_alter_group_name_max_length	2024-05-17 16:17:12.875836-04
16	auth	0011_update_proxy_permissions	2024-05-17 16:17:12.881469-04
17	auth	0012_alter_user_first_name_max_length	2024-05-17 16:17:12.887547-04
18	main_app	0001_initial	2024-05-17 16:17:12.959506-04
19	sessions	0001_initial	2024-05-17 16:17:12.965245-04
20	main_app	0002_alter_studentenrollment_course	2024-05-20 14:10:08.059946-04
21	main_app	0003_remove_attendance_course_alter_submission_assignment	2024-05-20 15:37:13.635576-04
22	main_app	0004_alter_assignment_course_alter_submission_assignment_and_more	2024-05-20 15:47:01.308536-04
\.


--
-- Data for Name: django_session; Type: TABLE DATA; Schema: public; Owner: ian
--

COPY public.django_session (session_key, session_data, expire_date) FROM stdin;
hx5wky4dohy4mwhqhviki30vbdmlph7b	.eJxVjEEOgjAQRe_StWmAmXaKS_ecgUw7o6CmTSisjHdXEha6_e-9_zIjb-s0blWXcRZzNq05_W6R00PzDuTO-VZsKnld5mh3xR602qGIPi-H-3cwcZ2-ddOxYiDuY8IWeqJA5DVyANEI3IKHK0pEFAIk3yQIQXufOucdsjjz_gDUnjdV:1s8Plp:c5w43d0W0rWjLQ3Db572m9N2B0_RH8nMoONDOpaqSws	2024-06-01 15:31:05.265732-04
\.


--
-- Data for Name: main_app_assignment; Type: TABLE DATA; Schema: public; Owner: ian
--

COPY public.main_app_assignment (id, name, due_date, course_id) FROM stdin;
2	JavaScript Functions Lab	2024-03-11	1
1	JavaScript Arrays Lab	2024-03-11	1
3	Unit 4 - A Full-stack App with a Django API and React Front End	2024-05-24	1
\.


--
-- Data for Name: main_app_attendance; Type: TABLE DATA; Schema: public; Owner: ian
--

COPY public.main_app_attendance (id, date, status, student_id) FROM stdin;
3	2024-05-17	Late	1
4	2024-05-20	Absent	1
5	2024-05-14	Late	1
6	2024-05-15	Late	1
\.


--
-- Data for Name: main_app_course; Type: TABLE DATA; Schema: public; Owner: ian
--

COPY public.main_app_course (id, name) FROM stdin;
1	SEB 0304
2	SEB 0101
\.


--
-- Data for Name: main_app_coursestaff; Type: TABLE DATA; Schema: public; Owner: ian
--

COPY public.main_app_coursestaff (id, course_id, user_id) FROM stdin;
1	1	2
\.


--
-- Data for Name: main_app_studentenrollment; Type: TABLE DATA; Schema: public; Owner: ian
--

COPY public.main_app_studentenrollment (id, course_id, user_id) FROM stdin;
1	1	3
3	2	4
\.


--
-- Data for Name: main_app_submission; Type: TABLE DATA; Schema: public; Owner: ian
--

COPY public.main_app_submission (id, is_complete, assignment_id, student_id) FROM stdin;
1	t	1	1
2	t	2	1
\.


--
-- Name: auth_group_id_seq; Type: SEQUENCE SET; Schema: public; Owner: ian
--

SELECT pg_catalog.setval('public.auth_group_id_seq', 1, true);


--
-- Name: auth_group_permissions_id_seq; Type: SEQUENCE SET; Schema: public; Owner: ian
--

SELECT pg_catalog.setval('public.auth_group_permissions_id_seq', 15, true);


--
-- Name: auth_permission_id_seq; Type: SEQUENCE SET; Schema: public; Owner: ian
--

SELECT pg_catalog.setval('public.auth_permission_id_seq', 48, true);


--
-- Name: auth_user_groups_id_seq; Type: SEQUENCE SET; Schema: public; Owner: ian
--

SELECT pg_catalog.setval('public.auth_user_groups_id_seq', 1, true);


--
-- Name: auth_user_id_seq; Type: SEQUENCE SET; Schema: public; Owner: ian
--

SELECT pg_catalog.setval('public.auth_user_id_seq', 4, true);


--
-- Name: auth_user_user_permissions_id_seq; Type: SEQUENCE SET; Schema: public; Owner: ian
--

SELECT pg_catalog.setval('public.auth_user_user_permissions_id_seq', 1, false);


--
-- Name: django_admin_log_id_seq; Type: SEQUENCE SET; Schema: public; Owner: ian
--

SELECT pg_catalog.setval('public.django_admin_log_id_seq', 23, true);


--
-- Name: django_content_type_id_seq; Type: SEQUENCE SET; Schema: public; Owner: ian
--

SELECT pg_catalog.setval('public.django_content_type_id_seq', 12, true);


--
-- Name: django_migrations_id_seq; Type: SEQUENCE SET; Schema: public; Owner: ian
--

SELECT pg_catalog.setval('public.django_migrations_id_seq', 22, true);


--
-- Name: main_app_assignment_id_seq; Type: SEQUENCE SET; Schema: public; Owner: ian
--

SELECT pg_catalog.setval('public.main_app_assignment_id_seq', 3, true);


--
-- Name: main_app_attendance_id_seq; Type: SEQUENCE SET; Schema: public; Owner: ian
--

SELECT pg_catalog.setval('public.main_app_attendance_id_seq', 6, true);


--
-- Name: main_app_course_id_seq; Type: SEQUENCE SET; Schema: public; Owner: ian
--

SELECT pg_catalog.setval('public.main_app_course_id_seq', 2, true);


--
-- Name: main_app_coursestaff_id_seq; Type: SEQUENCE SET; Schema: public; Owner: ian
--

SELECT pg_catalog.setval('public.main_app_coursestaff_id_seq', 1, true);


--
-- Name: main_app_studentenrollment_id_seq; Type: SEQUENCE SET; Schema: public; Owner: ian
--

SELECT pg_catalog.setval('public.main_app_studentenrollment_id_seq', 3, true);


--
-- Name: main_app_submission_id_seq; Type: SEQUENCE SET; Schema: public; Owner: ian
--

SELECT pg_catalog.setval('public.main_app_submission_id_seq', 2, true);


--
-- Name: auth_group auth_group_name_key; Type: CONSTRAINT; Schema: public; Owner: ian
--

ALTER TABLE ONLY public.auth_group
    ADD CONSTRAINT auth_group_name_key UNIQUE (name);


--
-- Name: auth_group_permissions auth_group_permissions_group_id_permission_id_0cd325b0_uniq; Type: CONSTRAINT; Schema: public; Owner: ian
--

ALTER TABLE ONLY public.auth_group_permissions
    ADD CONSTRAINT auth_group_permissions_group_id_permission_id_0cd325b0_uniq UNIQUE (group_id, permission_id);


--
-- Name: auth_group_permissions auth_group_permissions_pkey; Type: CONSTRAINT; Schema: public; Owner: ian
--

ALTER TABLE ONLY public.auth_group_permissions
    ADD CONSTRAINT auth_group_permissions_pkey PRIMARY KEY (id);


--
-- Name: auth_group auth_group_pkey; Type: CONSTRAINT; Schema: public; Owner: ian
--

ALTER TABLE ONLY public.auth_group
    ADD CONSTRAINT auth_group_pkey PRIMARY KEY (id);


--
-- Name: auth_permission auth_permission_content_type_id_codename_01ab375a_uniq; Type: CONSTRAINT; Schema: public; Owner: ian
--

ALTER TABLE ONLY public.auth_permission
    ADD CONSTRAINT auth_permission_content_type_id_codename_01ab375a_uniq UNIQUE (content_type_id, codename);


--
-- Name: auth_permission auth_permission_pkey; Type: CONSTRAINT; Schema: public; Owner: ian
--

ALTER TABLE ONLY public.auth_permission
    ADD CONSTRAINT auth_permission_pkey PRIMARY KEY (id);


--
-- Name: auth_user_groups auth_user_groups_pkey; Type: CONSTRAINT; Schema: public; Owner: ian
--

ALTER TABLE ONLY public.auth_user_groups
    ADD CONSTRAINT auth_user_groups_pkey PRIMARY KEY (id);


--
-- Name: auth_user_groups auth_user_groups_user_id_group_id_94350c0c_uniq; Type: CONSTRAINT; Schema: public; Owner: ian
--

ALTER TABLE ONLY public.auth_user_groups
    ADD CONSTRAINT auth_user_groups_user_id_group_id_94350c0c_uniq UNIQUE (user_id, group_id);


--
-- Name: auth_user auth_user_pkey; Type: CONSTRAINT; Schema: public; Owner: ian
--

ALTER TABLE ONLY public.auth_user
    ADD CONSTRAINT auth_user_pkey PRIMARY KEY (id);


--
-- Name: auth_user_user_permissions auth_user_user_permissions_pkey; Type: CONSTRAINT; Schema: public; Owner: ian
--

ALTER TABLE ONLY public.auth_user_user_permissions
    ADD CONSTRAINT auth_user_user_permissions_pkey PRIMARY KEY (id);


--
-- Name: auth_user_user_permissions auth_user_user_permissions_user_id_permission_id_14a6b632_uniq; Type: CONSTRAINT; Schema: public; Owner: ian
--

ALTER TABLE ONLY public.auth_user_user_permissions
    ADD CONSTRAINT auth_user_user_permissions_user_id_permission_id_14a6b632_uniq UNIQUE (user_id, permission_id);


--
-- Name: auth_user auth_user_username_key; Type: CONSTRAINT; Schema: public; Owner: ian
--

ALTER TABLE ONLY public.auth_user
    ADD CONSTRAINT auth_user_username_key UNIQUE (username);


--
-- Name: django_admin_log django_admin_log_pkey; Type: CONSTRAINT; Schema: public; Owner: ian
--

ALTER TABLE ONLY public.django_admin_log
    ADD CONSTRAINT django_admin_log_pkey PRIMARY KEY (id);


--
-- Name: django_content_type django_content_type_app_label_model_76bd3d3b_uniq; Type: CONSTRAINT; Schema: public; Owner: ian
--

ALTER TABLE ONLY public.django_content_type
    ADD CONSTRAINT django_content_type_app_label_model_76bd3d3b_uniq UNIQUE (app_label, model);


--
-- Name: django_content_type django_content_type_pkey; Type: CONSTRAINT; Schema: public; Owner: ian
--

ALTER TABLE ONLY public.django_content_type
    ADD CONSTRAINT django_content_type_pkey PRIMARY KEY (id);


--
-- Name: django_migrations django_migrations_pkey; Type: CONSTRAINT; Schema: public; Owner: ian
--

ALTER TABLE ONLY public.django_migrations
    ADD CONSTRAINT django_migrations_pkey PRIMARY KEY (id);


--
-- Name: django_session django_session_pkey; Type: CONSTRAINT; Schema: public; Owner: ian
--

ALTER TABLE ONLY public.django_session
    ADD CONSTRAINT django_session_pkey PRIMARY KEY (session_key);


--
-- Name: main_app_assignment main_app_assignment_pkey; Type: CONSTRAINT; Schema: public; Owner: ian
--

ALTER TABLE ONLY public.main_app_assignment
    ADD CONSTRAINT main_app_assignment_pkey PRIMARY KEY (id);


--
-- Name: main_app_attendance main_app_attendance_date_student_id_b23bca36_uniq; Type: CONSTRAINT; Schema: public; Owner: ian
--

ALTER TABLE ONLY public.main_app_attendance
    ADD CONSTRAINT main_app_attendance_date_student_id_b23bca36_uniq UNIQUE (date, student_id);


--
-- Name: main_app_attendance main_app_attendance_pkey; Type: CONSTRAINT; Schema: public; Owner: ian
--

ALTER TABLE ONLY public.main_app_attendance
    ADD CONSTRAINT main_app_attendance_pkey PRIMARY KEY (id);


--
-- Name: main_app_course main_app_course_pkey; Type: CONSTRAINT; Schema: public; Owner: ian
--

ALTER TABLE ONLY public.main_app_course
    ADD CONSTRAINT main_app_course_pkey PRIMARY KEY (id);


--
-- Name: main_app_coursestaff main_app_coursestaff_pkey; Type: CONSTRAINT; Schema: public; Owner: ian
--

ALTER TABLE ONLY public.main_app_coursestaff
    ADD CONSTRAINT main_app_coursestaff_pkey PRIMARY KEY (id);


--
-- Name: main_app_studentenrollment main_app_studentenrollment_pkey; Type: CONSTRAINT; Schema: public; Owner: ian
--

ALTER TABLE ONLY public.main_app_studentenrollment
    ADD CONSTRAINT main_app_studentenrollment_pkey PRIMARY KEY (id);


--
-- Name: main_app_submission main_app_submission_pkey; Type: CONSTRAINT; Schema: public; Owner: ian
--

ALTER TABLE ONLY public.main_app_submission
    ADD CONSTRAINT main_app_submission_pkey PRIMARY KEY (id);


--
-- Name: auth_group_name_a6ea08ec_like; Type: INDEX; Schema: public; Owner: ian
--

CREATE INDEX auth_group_name_a6ea08ec_like ON public.auth_group USING btree (name varchar_pattern_ops);


--
-- Name: auth_group_permissions_group_id_b120cbf9; Type: INDEX; Schema: public; Owner: ian
--

CREATE INDEX auth_group_permissions_group_id_b120cbf9 ON public.auth_group_permissions USING btree (group_id);


--
-- Name: auth_group_permissions_permission_id_84c5c92e; Type: INDEX; Schema: public; Owner: ian
--

CREATE INDEX auth_group_permissions_permission_id_84c5c92e ON public.auth_group_permissions USING btree (permission_id);


--
-- Name: auth_permission_content_type_id_2f476e4b; Type: INDEX; Schema: public; Owner: ian
--

CREATE INDEX auth_permission_content_type_id_2f476e4b ON public.auth_permission USING btree (content_type_id);


--
-- Name: auth_user_groups_group_id_97559544; Type: INDEX; Schema: public; Owner: ian
--

CREATE INDEX auth_user_groups_group_id_97559544 ON public.auth_user_groups USING btree (group_id);


--
-- Name: auth_user_groups_user_id_6a12ed8b; Type: INDEX; Schema: public; Owner: ian
--

CREATE INDEX auth_user_groups_user_id_6a12ed8b ON public.auth_user_groups USING btree (user_id);


--
-- Name: auth_user_user_permissions_permission_id_1fbb5f2c; Type: INDEX; Schema: public; Owner: ian
--

CREATE INDEX auth_user_user_permissions_permission_id_1fbb5f2c ON public.auth_user_user_permissions USING btree (permission_id);


--
-- Name: auth_user_user_permissions_user_id_a95ead1b; Type: INDEX; Schema: public; Owner: ian
--

CREATE INDEX auth_user_user_permissions_user_id_a95ead1b ON public.auth_user_user_permissions USING btree (user_id);


--
-- Name: auth_user_username_6821ab7c_like; Type: INDEX; Schema: public; Owner: ian
--

CREATE INDEX auth_user_username_6821ab7c_like ON public.auth_user USING btree (username varchar_pattern_ops);


--
-- Name: django_admin_log_content_type_id_c4bce8eb; Type: INDEX; Schema: public; Owner: ian
--

CREATE INDEX django_admin_log_content_type_id_c4bce8eb ON public.django_admin_log USING btree (content_type_id);


--
-- Name: django_admin_log_user_id_c564eba6; Type: INDEX; Schema: public; Owner: ian
--

CREATE INDEX django_admin_log_user_id_c564eba6 ON public.django_admin_log USING btree (user_id);


--
-- Name: django_session_expire_date_a5c62663; Type: INDEX; Schema: public; Owner: ian
--

CREATE INDEX django_session_expire_date_a5c62663 ON public.django_session USING btree (expire_date);


--
-- Name: django_session_session_key_c0390e0f_like; Type: INDEX; Schema: public; Owner: ian
--

CREATE INDEX django_session_session_key_c0390e0f_like ON public.django_session USING btree (session_key varchar_pattern_ops);


--
-- Name: main_app_assignment_course_id_73225837; Type: INDEX; Schema: public; Owner: ian
--

CREATE INDEX main_app_assignment_course_id_73225837 ON public.main_app_assignment USING btree (course_id);


--
-- Name: main_app_attendance_student_id_daed2056; Type: INDEX; Schema: public; Owner: ian
--

CREATE INDEX main_app_attendance_student_id_daed2056 ON public.main_app_attendance USING btree (student_id);


--
-- Name: main_app_coursestaff_course_id_31a0c0c3; Type: INDEX; Schema: public; Owner: ian
--

CREATE INDEX main_app_coursestaff_course_id_31a0c0c3 ON public.main_app_coursestaff USING btree (course_id);


--
-- Name: main_app_coursestaff_user_id_ecb5f086; Type: INDEX; Schema: public; Owner: ian
--

CREATE INDEX main_app_coursestaff_user_id_ecb5f086 ON public.main_app_coursestaff USING btree (user_id);


--
-- Name: main_app_studentenrollment_course_id_1c32ee9d; Type: INDEX; Schema: public; Owner: ian
--

CREATE INDEX main_app_studentenrollment_course_id_1c32ee9d ON public.main_app_studentenrollment USING btree (course_id);


--
-- Name: main_app_studentenrollment_user_id_b91951a1; Type: INDEX; Schema: public; Owner: ian
--

CREATE INDEX main_app_studentenrollment_user_id_b91951a1 ON public.main_app_studentenrollment USING btree (user_id);


--
-- Name: main_app_submission_assignment_id_8c65c161; Type: INDEX; Schema: public; Owner: ian
--

CREATE INDEX main_app_submission_assignment_id_8c65c161 ON public.main_app_submission USING btree (assignment_id);


--
-- Name: main_app_submission_student_id_fcabb3df; Type: INDEX; Schema: public; Owner: ian
--

CREATE INDEX main_app_submission_student_id_fcabb3df ON public.main_app_submission USING btree (student_id);


--
-- Name: auth_group_permissions auth_group_permissio_permission_id_84c5c92e_fk_auth_perm; Type: FK CONSTRAINT; Schema: public; Owner: ian
--

ALTER TABLE ONLY public.auth_group_permissions
    ADD CONSTRAINT auth_group_permissio_permission_id_84c5c92e_fk_auth_perm FOREIGN KEY (permission_id) REFERENCES public.auth_permission(id) DEFERRABLE INITIALLY DEFERRED;


--
-- Name: auth_group_permissions auth_group_permissions_group_id_b120cbf9_fk_auth_group_id; Type: FK CONSTRAINT; Schema: public; Owner: ian
--

ALTER TABLE ONLY public.auth_group_permissions
    ADD CONSTRAINT auth_group_permissions_group_id_b120cbf9_fk_auth_group_id FOREIGN KEY (group_id) REFERENCES public.auth_group(id) DEFERRABLE INITIALLY DEFERRED;


--
-- Name: auth_permission auth_permission_content_type_id_2f476e4b_fk_django_co; Type: FK CONSTRAINT; Schema: public; Owner: ian
--

ALTER TABLE ONLY public.auth_permission
    ADD CONSTRAINT auth_permission_content_type_id_2f476e4b_fk_django_co FOREIGN KEY (content_type_id) REFERENCES public.django_content_type(id) DEFERRABLE INITIALLY DEFERRED;


--
-- Name: auth_user_groups auth_user_groups_group_id_97559544_fk_auth_group_id; Type: FK CONSTRAINT; Schema: public; Owner: ian
--

ALTER TABLE ONLY public.auth_user_groups
    ADD CONSTRAINT auth_user_groups_group_id_97559544_fk_auth_group_id FOREIGN KEY (group_id) REFERENCES public.auth_group(id) DEFERRABLE INITIALLY DEFERRED;


--
-- Name: auth_user_groups auth_user_groups_user_id_6a12ed8b_fk_auth_user_id; Type: FK CONSTRAINT; Schema: public; Owner: ian
--

ALTER TABLE ONLY public.auth_user_groups
    ADD CONSTRAINT auth_user_groups_user_id_6a12ed8b_fk_auth_user_id FOREIGN KEY (user_id) REFERENCES public.auth_user(id) DEFERRABLE INITIALLY DEFERRED;


--
-- Name: auth_user_user_permissions auth_user_user_permi_permission_id_1fbb5f2c_fk_auth_perm; Type: FK CONSTRAINT; Schema: public; Owner: ian
--

ALTER TABLE ONLY public.auth_user_user_permissions
    ADD CONSTRAINT auth_user_user_permi_permission_id_1fbb5f2c_fk_auth_perm FOREIGN KEY (permission_id) REFERENCES public.auth_permission(id) DEFERRABLE INITIALLY DEFERRED;


--
-- Name: auth_user_user_permissions auth_user_user_permissions_user_id_a95ead1b_fk_auth_user_id; Type: FK CONSTRAINT; Schema: public; Owner: ian
--

ALTER TABLE ONLY public.auth_user_user_permissions
    ADD CONSTRAINT auth_user_user_permissions_user_id_a95ead1b_fk_auth_user_id FOREIGN KEY (user_id) REFERENCES public.auth_user(id) DEFERRABLE INITIALLY DEFERRED;


--
-- Name: django_admin_log django_admin_log_content_type_id_c4bce8eb_fk_django_co; Type: FK CONSTRAINT; Schema: public; Owner: ian
--

ALTER TABLE ONLY public.django_admin_log
    ADD CONSTRAINT django_admin_log_content_type_id_c4bce8eb_fk_django_co FOREIGN KEY (content_type_id) REFERENCES public.django_content_type(id) DEFERRABLE INITIALLY DEFERRED;


--
-- Name: django_admin_log django_admin_log_user_id_c564eba6_fk_auth_user_id; Type: FK CONSTRAINT; Schema: public; Owner: ian
--

ALTER TABLE ONLY public.django_admin_log
    ADD CONSTRAINT django_admin_log_user_id_c564eba6_fk_auth_user_id FOREIGN KEY (user_id) REFERENCES public.auth_user(id) DEFERRABLE INITIALLY DEFERRED;


--
-- Name: main_app_assignment main_app_assignment_course_id_73225837_fk_main_app_course_id; Type: FK CONSTRAINT; Schema: public; Owner: ian
--

ALTER TABLE ONLY public.main_app_assignment
    ADD CONSTRAINT main_app_assignment_course_id_73225837_fk_main_app_course_id FOREIGN KEY (course_id) REFERENCES public.main_app_course(id) DEFERRABLE INITIALLY DEFERRED;


--
-- Name: main_app_attendance main_app_attendance_student_id_daed2056_fk_main_app_; Type: FK CONSTRAINT; Schema: public; Owner: ian
--

ALTER TABLE ONLY public.main_app_attendance
    ADD CONSTRAINT main_app_attendance_student_id_daed2056_fk_main_app_ FOREIGN KEY (student_id) REFERENCES public.main_app_studentenrollment(id) DEFERRABLE INITIALLY DEFERRED;


--
-- Name: main_app_coursestaff main_app_coursestaff_course_id_31a0c0c3_fk_main_app_course_id; Type: FK CONSTRAINT; Schema: public; Owner: ian
--

ALTER TABLE ONLY public.main_app_coursestaff
    ADD CONSTRAINT main_app_coursestaff_course_id_31a0c0c3_fk_main_app_course_id FOREIGN KEY (course_id) REFERENCES public.main_app_course(id) DEFERRABLE INITIALLY DEFERRED;


--
-- Name: main_app_coursestaff main_app_coursestaff_user_id_ecb5f086_fk_auth_user_id; Type: FK CONSTRAINT; Schema: public; Owner: ian
--

ALTER TABLE ONLY public.main_app_coursestaff
    ADD CONSTRAINT main_app_coursestaff_user_id_ecb5f086_fk_auth_user_id FOREIGN KEY (user_id) REFERENCES public.auth_user(id) DEFERRABLE INITIALLY DEFERRED;


--
-- Name: main_app_studentenrollment main_app_studentenro_course_id_1c32ee9d_fk_main_app_; Type: FK CONSTRAINT; Schema: public; Owner: ian
--

ALTER TABLE ONLY public.main_app_studentenrollment
    ADD CONSTRAINT main_app_studentenro_course_id_1c32ee9d_fk_main_app_ FOREIGN KEY (course_id) REFERENCES public.main_app_course(id) DEFERRABLE INITIALLY DEFERRED;


--
-- Name: main_app_studentenrollment main_app_studentenrollment_user_id_b91951a1_fk_auth_user_id; Type: FK CONSTRAINT; Schema: public; Owner: ian
--

ALTER TABLE ONLY public.main_app_studentenrollment
    ADD CONSTRAINT main_app_studentenrollment_user_id_b91951a1_fk_auth_user_id FOREIGN KEY (user_id) REFERENCES public.auth_user(id) DEFERRABLE INITIALLY DEFERRED;


--
-- Name: main_app_submission main_app_submission_assignment_id_8c65c161_fk_main_app_; Type: FK CONSTRAINT; Schema: public; Owner: ian
--

ALTER TABLE ONLY public.main_app_submission
    ADD CONSTRAINT main_app_submission_assignment_id_8c65c161_fk_main_app_ FOREIGN KEY (assignment_id) REFERENCES public.main_app_assignment(id) DEFERRABLE INITIALLY DEFERRED;


--
-- Name: main_app_submission main_app_submission_student_id_fcabb3df_fk_main_app_; Type: FK CONSTRAINT; Schema: public; Owner: ian
--

ALTER TABLE ONLY public.main_app_submission
    ADD CONSTRAINT main_app_submission_student_id_fcabb3df_fk_main_app_ FOREIGN KEY (student_id) REFERENCES public.main_app_studentenrollment(id) DEFERRABLE INITIALLY DEFERRED;


--
-- PostgreSQL database dump complete
--

